INSERT INTO tb_ywtcn_tipocont_ct (YWTCN_COD_TIPOCONT_PK,YWTCN_COD_CODICE,YWTCN_DESCS_DESCRIZIONE,YWTCN_DATA_CREAZ,YWTCN_DATA_UPDATE,YWTCN_COD_USER) VALUES (2,'URC','URC',{ts '2016-11-30 00:00:00.'},{ts '2016-11-30 00:00:00.'},null);
INSERT INTO tb_ywtcn_tipocont_ct (YWTCN_COD_TIPOCONT_PK,YWTCN_COD_CODICE,YWTCN_DESCS_DESCRIZIONE,YWTCN_DATA_CREAZ,YWTCN_DATA_UPDATE,YWTCN_COD_USER) VALUES (3,'SRM','SRM',{ts '2016-11-30 00:00:00.'},{ts '2016-11-30 00:00:00.'},null);

INSERT INTO tb_ywser_servizio_ct (YWSER_COD_SER_PK,YWSER_COD_CODICE,YWSER_DESCS_DESCRIZIONE,YWSER_DATA_CREAZ,YWSER_DATA_UPDATE,YWSER_COD_USER,YWSE_YWTCN_COD_TIPOCONT_PK) VALUES (3,'MAD','Manutenzione adeguativa',{ts '2016-11-30 00:00:00.'},{ts '2016-11-30 00:00:00.'},null,2);
INSERT INTO tb_ywser_servizio_ct (YWSER_COD_SER_PK,YWSER_COD_CODICE,YWSER_DESCS_DESCRIZIONE,YWSER_DATA_CREAZ,YWSER_DATA_UPDATE,YWSER_COD_USER,YWSE_YWTCN_COD_TIPOCONT_PK) VALUES (4,'MAC','Manutenzione correttiva',{ts '2016-11-30 00:00:00.'},{ts '2016-11-30 00:00:00.'},null,2);
INSERT INTO tb_ywser_servizio_ct (YWSER_COD_SER_PK,YWSER_COD_CODICE,YWSER_DESCS_DESCRIZIONE,YWSER_DATA_CREAZ,YWSER_DATA_UPDATE,YWSER_COD_USER,YWSE_YWTCN_COD_TIPOCONT_PK) VALUES (5,'GA','Gestione Applicativa',{ts '2016-11-30 00:00:00.'},{ts '2016-11-30 00:00:00.'},null,2);
INSERT INTO tb_ywser_servizio_ct (YWSER_COD_SER_PK,YWSER_COD_CODICE,YWSER_DESCS_DESCRIZIONE,YWSER_DATA_CREAZ,YWSER_DATA_UPDATE,YWSER_COD_USER,YWSE_YWTCN_COD_TIPOCONT_PK) VALUES (6,'SST','Supporto Specialistico Tecnico',{ts '2016-11-30 00:00:00.'},{ts '2016-11-30 00:00:00.'},null,2);

INSERT INTO tb_ywtts_tipotask_ct (YWTTS_COD_TIPOTASK_PK,YWTTS_COD_CODICE,YWTTS_DESCS_DESCRIZIONE,YWTTS_COD_CAPITOLO,YWTTS_DATA_CREAZ,YWTTS_DATA_UPDATE,YWTTS_COD_USER,YWTTS_YWSER_COD_SER_PK) VALUES (131,'6.0','Definire le esigenze connesse ad interventi di manutenzione informatici - analisi delle esigenze relative ai processi operativi e di controllo, ai cambiamenti Normativi, ai requisiti contabili e finanziari ed ad altri elementi amministrativi ed operativi che richiedano la realizzazione o il cambiamento dei sistemi informatici','2.1',{ts '2016-11-30 00:00:00.'},{ts '2016-11-30 00:00:00.'},'Paola Greco',6);
INSERT INTO tb_ywtts_tipotask_ct (YWTTS_COD_TIPOTASK_PK,YWTTS_COD_CODICE,YWTTS_DESCS_DESCRIZIONE,YWTTS_COD_CAPITOLO,YWTTS_DATA_CREAZ,YWTTS_DATA_UPDATE,YWTTS_COD_USER,YWTTS_YWSER_COD_SER_PK) VALUES (132,'6.1','Definire le esigenze connesse ad interventi di manutenzione informatici - analisi degli obiettivi, dei rischi e degli impatti organizzativi, contabili, ecc.. degli Interventi informatici richiesti dalle Direzioni amministrative','2.2',{ts '2016-11-30 00:00:00.'},{ts '2016-11-30 00:00:00.'},'Paola Greco',6);
INSERT INTO tb_ywtts_tipotask_ct (YWTTS_COD_TIPOTASK_PK,YWTTS_COD_CODICE,YWTTS_DESCS_DESCRIZIONE,YWTTS_COD_CAPITOLO,YWTTS_DATA_CREAZ,YWTTS_DATA_UPDATE,YWTTS_COD_USER,YWTTS_YWSER_COD_SER_PK) VALUES (133,'6.2','Definire e pianificare le esigenze di interventi informatici per specifiche aree o per singole Direzioni dell''Istituto, ivi compresa l''analisi delle dipendenze tra progetti diversi','2.3',{ts '2016-11-30 00:00:00.'},{ts '2016-11-30 00:00:00.'},'Paola Greco',6);
INSERT INTO tb_ywtts_tipotask_ct (YWTTS_COD_TIPOTASK_PK,YWTTS_COD_CODICE,YWTTS_DESCS_DESCRIZIONE,YWTTS_COD_CAPITOLO,YWTTS_DATA_CREAZ,YWTTS_DATA_UPDATE,YWTTS_COD_USER,YWTTS_YWSER_COD_SER_PK) VALUES (134,'6.3','Fornire supporto al servizio di Gestione Applicativa per le problematiche di alto livello','2.4',{ts '2016-11-30 00:00:00.'},{ts '2016-11-30 00:00:00.'},'Paola Greco',6);
INSERT INTO tb_ywtts_tipotask_ct (YWTTS_COD_TIPOTASK_PK,YWTTS_COD_CODICE,YWTTS_DESCS_DESCRIZIONE,YWTTS_COD_CAPITOLO,YWTTS_DATA_CREAZ,YWTTS_DATA_UPDATE,YWTTS_COD_USER,YWTTS_YWSER_COD_SER_PK) VALUES (135,'6.4','Fornire supporto specialistico all''uso dei prodotti software','2.5',{ts '2016-11-30 00:00:00.'},{ts '2016-11-30 00:00:00.'},'Paola Greco',6);
INSERT INTO tb_ywtts_tipotask_ct (YWTTS_COD_TIPOTASK_PK,YWTTS_COD_CODICE,YWTTS_DESCS_DESCRIZIONE,YWTTS_COD_CAPITOLO,YWTTS_DATA_CREAZ,YWTTS_DATA_UPDATE,YWTTS_COD_USER,YWTTS_YWSER_COD_SER_PK) VALUES (136,'6.5','Trasferire know-how funzionale e tecnico all''Istituto oggetto della fornitura anche attraverso attività di supporto alla formazione','2.6',{ts '2016-11-30 00:00:00.'},{ts '2016-11-30 00:00:00.'},'Paola Greco',6);
INSERT INTO tb_ywtts_tipotask_ct (YWTTS_COD_TIPOTASK_PK,YWTTS_COD_CODICE,YWTTS_DESCS_DESCRIZIONE,YWTTS_COD_CAPITOLO,YWTTS_DATA_CREAZ,YWTTS_DATA_UPDATE,YWTTS_COD_USER,YWTTS_YWSER_COD_SER_PK) VALUES (137,'6.6','Supportare l''analisi degli aspetti organizzativi relativi alla semplificazione e al miglioramento dell''interazione con l''esterno dell''Istituto (Enti, Amministrazioni)','2.7',{ts '2016-11-30 00:00:00.'},{ts '2016-11-30 00:00:00.'},'Paola Greco',6);
INSERT INTO tb_ywtts_tipotask_ct (YWTTS_COD_TIPOTASK_PK,YWTTS_COD_CODICE,YWTTS_DESCS_DESCRIZIONE,YWTTS_COD_CAPITOLO,YWTTS_DATA_CREAZ,YWTTS_DATA_UPDATE,YWTTS_COD_USER,YWTTS_YWSER_COD_SER_PK) VALUES (138,'6.7','Supportare l''integrazione dei processi organizzativi attraverso l''utilizzo delle applicazioni','2.8',{ts '2016-11-30 00:00:00.'},{ts '2016-11-30 00:00:00.'},'Paola Greco',6);
INSERT INTO tb_ywtts_tipotask_ct (YWTTS_COD_TIPOTASK_PK,YWTTS_COD_CODICE,YWTTS_DESCS_DESCRIZIONE,YWTTS_COD_CAPITOLO,YWTTS_DATA_CREAZ,YWTTS_DATA_UPDATE,YWTTS_COD_USER,YWTTS_YWSER_COD_SER_PK) VALUES (139,'6.8','fornire supporto specialistico alla predisposizione di relazioni tecniche per studi di fattibilità etc','2.9',{ts '2016-11-30 00:00:00.'},{ts '2016-11-30 00:00:00.'},'Paola Greco',6);
INSERT INTO tb_ywtts_tipotask_ct (YWTTS_COD_TIPOTASK_PK,YWTTS_COD_CODICE,YWTTS_DESCS_DESCRIZIONE,YWTTS_COD_CAPITOLO,YWTTS_DATA_CREAZ,YWTTS_DATA_UPDATE,YWTTS_COD_USER,YWTTS_YWSER_COD_SER_PK) VALUES (140,'6.9','Partecipare a gruppi di lavoro costituiti dall''amministrazione per supportare gli utenti delle applicazioni per la rilevazione analisi dei dati','2.10',{ts '2016-11-30 00:00:00.'},{ts '2016-11-30 00:00:00.'},'Paola Greco',6);
INSERT INTO tb_ywtts_tipotask_ct (YWTTS_COD_TIPOTASK_PK,YWTTS_COD_CODICE,YWTTS_DESCS_DESCRIZIONE,YWTTS_COD_CAPITOLO,YWTTS_DATA_CREAZ,YWTTS_DATA_UPDATE,YWTTS_COD_USER,YWTTS_YWSER_COD_SER_PK) VALUES (141,'6.10','Fornire supporto all''integrazione tra i processi/progetti del SIN, attraverso la verifica delle aree di intersezione tra le diverse componenti verticali','2.11',{ts '2016-11-30 00:00:00.'},{ts '2016-11-30 00:00:00.'},'Paola Greco',6);
INSERT INTO tb_ywtts_tipotask_ct (YWTTS_COD_TIPOTASK_PK,YWTTS_COD_CODICE,YWTTS_DESCS_DESCRIZIONE,YWTTS_COD_CAPITOLO,YWTTS_DATA_CREAZ,YWTTS_DATA_UPDATE,YWTTS_COD_USER,YWTTS_YWSER_COD_SER_PK) VALUES (142,'6.11','Fornire supporto alla verifica dell''ambito delle singole componenti verticali del SIN, sviluppate e in corso di sviluppo, delle modalità di utilizzo dei componenti trasversali','2.12',{ts '2016-11-30 00:00:00.'},{ts '2016-11-30 00:00:00.'},'Paola Greco',6);
INSERT INTO tb_ywtts_tipotask_ct (YWTTS_COD_TIPOTASK_PK,YWTTS_COD_CODICE,YWTTS_DESCS_DESCRIZIONE,YWTTS_COD_CAPITOLO,YWTTS_DATA_CREAZ,YWTTS_DATA_UPDATE,YWTTS_COD_USER,YWTTS_YWSER_COD_SER_PK) VALUES (143,'6.12','Fornire supporto alla completezza e uniformità dei processi legati alle prestazioni.Supporto tematico a redazione di studi, analisi di fattibilità, stima dei tempi e costi, stima dei benefici, comparazione tra diverse possibili soluzioni, valutazione di soluzioni che prevedano l''utilizzo e l''eventuale personalizzazione di prodotti software presenti sul mercato','2.13',{ts '2016-11-30 00:00:00.'},{ts '2016-11-30 00:00:00.'},'Paola Greco',6);
INSERT INTO tb_ywtts_tipotask_ct (YWTTS_COD_TIPOTASK_PK,YWTTS_COD_CODICE,YWTTS_DESCS_DESCRIZIONE,YWTTS_COD_CAPITOLO,YWTTS_DATA_CREAZ,YWTTS_DATA_UPDATE,YWTTS_COD_USER,YWTTS_YWSER_COD_SER_PK) VALUES (144,'6.13','Analisi dei processi','2.14',{ts '2016-11-30 00:00:00.'},{ts '2016-11-30 00:00:00.'},'Paola Greco',6);
INSERT INTO tb_ywtts_tipotask_ct (YWTTS_COD_TIPOTASK_PK,YWTTS_COD_CODICE,YWTTS_DESCS_DESCRIZIONE,YWTTS_COD_CAPITOLO,YWTTS_DATA_CREAZ,YWTTS_DATA_UPDATE,YWTTS_COD_USER,YWTTS_YWSER_COD_SER_PK) VALUES (145,'6.14','Esecuzione di sperimentazioni (che non producano software applicativo)','2.15',{ts '2016-11-30 00:00:00.'},{ts '2016-11-30 00:00:00.'},'Paola Greco',6);
INSERT INTO tb_ywtts_tipotask_ct (YWTTS_COD_TIPOTASK_PK,YWTTS_COD_CODICE,YWTTS_DESCS_DESCRIZIONE,YWTTS_COD_CAPITOLO,YWTTS_DATA_CREAZ,YWTTS_DATA_UPDATE,YWTTS_COD_USER,YWTTS_YWSER_COD_SER_PK) VALUES (146,'5.0','?Assistenza Applicativa - Supporto al Governo del Patrimonio informativo - risoluzione delle richieste di intervento smistate dal servizio di Help desk di 2° livello','2.1',{ts '2016-11-30 00:00:00.'},{ts '2016-11-30 00:00:00.'},'Paola Greco',5);
INSERT INTO tb_ywtts_tipotask_ct (YWTTS_COD_TIPOTASK_PK,YWTTS_COD_CODICE,YWTTS_DESCS_DESCRIZIONE,YWTTS_COD_CAPITOLO,YWTTS_DATA_CREAZ,YWTTS_DATA_UPDATE,YWTTS_COD_USER,YWTTS_YWSER_COD_SER_PK) VALUES (147,'5.1','Assistenza Applicativa - intercettazione e registrazione dei problemi alla fonte, classificazione, eventuale riproduzione dell’errore e, se necessario, conseguente attivazione del servizio di Manutenzione Correttiva e verifica dell’esito dell’intervento effettuato','2.2',{ts '2016-11-30 00:00:00.'},{ts '2016-11-30 00:00:00.'},'Paola Greco',5);
INSERT INTO tb_ywtts_tipotask_ct (YWTTS_COD_TIPOTASK_PK,YWTTS_COD_CODICE,YWTTS_DESCS_DESCRIZIONE,YWTTS_COD_CAPITOLO,YWTTS_DATA_CREAZ,YWTTS_DATA_UPDATE,YWTTS_COD_USER,YWTTS_YWSER_COD_SER_PK) VALUES (148,'5.2','Assistenza Applicativa - validazione tecnica e controllo dei risultati delle elaborazioni, al fine di assicurare l’integrità e la correttezza dei dati presenti sulla base informativa, del contenuto dei flussi informativi provenienti o destinati ad organismi esterni, dei dati esposti negli elaborati del sistema','2.3',{ts '2016-11-30 00:00:00.'},{ts '2016-11-30 00:00:00.'},'Paola Greco',5);
INSERT INTO tb_ywtts_tipotask_ct (YWTTS_COD_TIPOTASK_PK,YWTTS_COD_CODICE,YWTTS_DESCS_DESCRIZIONE,YWTTS_COD_CAPITOLO,YWTTS_DATA_CREAZ,YWTTS_DATA_UPDATE,YWTTS_COD_USER,YWTTS_YWSER_COD_SER_PK) VALUES (149,'5.3','Assistenza Applicativa - supporto al ripristino base dati','2.4',{ts '2016-11-30 00:00:00.'},{ts '2016-11-30 00:00:00.'},'Paola Greco',5);
INSERT INTO tb_ywtts_tipotask_ct (YWTTS_COD_TIPOTASK_PK,YWTTS_COD_CODICE,YWTTS_DESCS_DESCRIZIONE,YWTTS_COD_CAPITOLO,YWTTS_DATA_CREAZ,YWTTS_DATA_UPDATE,YWTTS_COD_USER,YWTTS_YWSER_COD_SER_PK) VALUES (150,'5.4','Assistenza Applicativa - supporto alle modifiche di parametri di esecuzione o di tabelle di riferimento o decodifica','2.5',{ts '2016-11-30 00:00:00.'},{ts '2016-11-30 00:00:00.'},'Paola Greco',5);
INSERT INTO tb_ywtts_tipotask_ct (YWTTS_COD_TIPOTASK_PK,YWTTS_COD_CODICE,YWTTS_DESCS_DESCRIZIONE,YWTTS_COD_CAPITOLO,YWTTS_DATA_CREAZ,YWTTS_DATA_UPDATE,YWTTS_COD_USER,YWTTS_YWSER_COD_SER_PK) VALUES (151,'5.5','Assistenza Applicativa - verifica ed aggiornamento di eventuale documentazione di area che descrive le modalità di esecuzione di particolari attività del servizio di Gestione Applicativa (ad esempio manutenzione preventiva, etc.) in collaborazione con i gruppi di sviluppo','2.6',{ts '2016-11-30 00:00:00.'},{ts '2016-11-30 00:00:00.'},'Paola Greco',5);
INSERT INTO tb_ywtts_tipotask_ct (YWTTS_COD_TIPOTASK_PK,YWTTS_COD_CODICE,YWTTS_DESCS_DESCRIZIONE,YWTTS_COD_CAPITOLO,YWTTS_DATA_CREAZ,YWTTS_DATA_UPDATE,YWTTS_COD_USER,YWTTS_YWSER_COD_SER_PK) VALUES (152,'5.6','Assistenza Applicativa - realizzazione di prodotti informatici o l’erogazione di servizi “ad hoc”, per soddisfare particolari e puntuali esigenze dell’utente, non risolvibili con le funzionalità disponibili nel sistema informativo, e che di norma non entrano a far parte stabile del parco applicativo. Tipico esempio può essere un intervento puntuale di correzione di una banca dati, o la realizzazione di un prospetto informativo “usa e getta”','2.7',{ts '2016-11-30 00:00:00.'},{ts '2016-11-30 00:00:00.'},'Paola Greco',5);
INSERT INTO tb_ywtts_tipotask_ct (YWTTS_COD_TIPOTASK_PK,YWTTS_COD_CODICE,YWTTS_DESCS_DESCRIZIONE,YWTTS_COD_CAPITOLO,YWTTS_DATA_CREAZ,YWTTS_DATA_UPDATE,YWTTS_COD_USER,YWTTS_YWSER_COD_SER_PK) VALUES (153,'5.7','Avviamento in esercizio delle applicazioni software - pianificazione degli avviamenti in ambiente di esercizio e controllo dell’avanzamento delle attività previste','2.8',{ts '2016-11-30 00:00:00.'},{ts '2016-11-30 00:00:00.'},'Paola Greco',5);
INSERT INTO tb_ywtts_tipotask_ct (YWTTS_COD_TIPOTASK_PK,YWTTS_COD_CODICE,YWTTS_DESCS_DESCRIZIONE,YWTTS_COD_CAPITOLO,YWTTS_DATA_CREAZ,YWTTS_DATA_UPDATE,YWTTS_COD_USER,YWTTS_YWSER_COD_SER_PK) VALUES (154,'5.8','Avviamento in esercizio delle applicazioni software - raccolta della documentazione di rilascio delle applicazioni per una sua corretta gestione e distribuzione','2.9',{ts '2016-11-30 00:00:00.'},{ts '2016-11-30 00:00:00.'},'Paola Greco',5);
INSERT INTO tb_ywtts_tipotask_ct (YWTTS_COD_TIPOTASK_PK,YWTTS_COD_CODICE,YWTTS_DESCS_DESCRIZIONE,YWTTS_COD_CAPITOLO,YWTTS_DATA_CREAZ,YWTTS_DATA_UPDATE,YWTTS_COD_USER,YWTTS_YWSER_COD_SER_PK) VALUES (155,'5.9','Avviamento in esercizio delle applicazioni software - verifica delle risorse necessarie e disponibili, strumentali e umane, per un ottimale avviamento, e definizione delle azioni preventive necessarie per la gestione di eventuali criticità','2.10',{ts '2016-11-30 00:00:00.'},{ts '2016-11-30 00:00:00.'},'Paola Greco',5);
INSERT INTO tb_ywtts_tipotask_ct (YWTTS_COD_TIPOTASK_PK,YWTTS_COD_CODICE,YWTTS_DESCS_DESCRIZIONE,YWTTS_COD_CAPITOLO,YWTTS_DATA_CREAZ,YWTTS_DATA_UPDATE,YWTTS_COD_USER,YWTTS_YWSER_COD_SER_PK) VALUES (156,'5.10','Avviamento in esercizio delle applicazioni software - presa in carico e gestione delle procedure applicative, nel rispetto dei parametri di disponibilità nei diversi ambienti operativi e delle policy di sicurezza predefinite dall’Istituto','2.11',{ts '2016-11-30 00:00:00.'},{ts '2016-11-30 00:00:00.'},'Paola Greco',5);
INSERT INTO tb_ywtts_tipotask_ct (YWTTS_COD_TIPOTASK_PK,YWTTS_COD_CODICE,YWTTS_DESCS_DESCRIZIONE,YWTTS_COD_CAPITOLO,YWTTS_DATA_CREAZ,YWTTS_DATA_UPDATE,YWTTS_COD_USER,YWTTS_YWSER_COD_SER_PK) VALUES (157,'5.11','Avviamento in esercizio delle applicazioni software - verifica della coerenza della configurazione delle applicazioni trasferite rispetto agli ambienti di utilizzo','2.12',{ts '2016-11-30 00:00:00.'},{ts '2016-11-30 00:00:00.'},'Paola Greco',5);
INSERT INTO tb_ywtts_tipotask_ct (YWTTS_COD_TIPOTASK_PK,YWTTS_COD_CODICE,YWTTS_DESCS_DESCRIZIONE,YWTTS_COD_CAPITOLO,YWTTS_DATA_CREAZ,YWTTS_DATA_UPDATE,YWTTS_COD_USER,YWTTS_YWSER_COD_SER_PK) VALUES (158,'5.12','Avviamento in esercizio delle applicazioni software - configurazione delle basi dati di esercizio e delle utenze applicative','2.13',{ts '2016-11-30 00:00:00.'},{ts '2016-11-30 00:00:00.'},'Paola Greco',5);
INSERT INTO tb_ywtts_tipotask_ct (YWTTS_COD_TIPOTASK_PK,YWTTS_COD_CODICE,YWTTS_DESCS_DESCRIZIONE,YWTTS_COD_CAPITOLO,YWTTS_DATA_CREAZ,YWTTS_DATA_UPDATE,YWTTS_COD_USER,YWTTS_YWSER_COD_SER_PK) VALUES (159,'5.13','Avviamento in esercizio delle applicazioni software - controllo puntuale dei tempi e delle modalità con cui vengono richiesti tutti i rilasci delle procedure','2.14',{ts '2016-11-30 00:00:00.'},{ts '2016-11-30 00:00:00.'},'Paola Greco',5);
INSERT INTO tb_ywtts_tipotask_ct (YWTTS_COD_TIPOTASK_PK,YWTTS_COD_CODICE,YWTTS_DESCS_DESCRIZIONE,YWTTS_COD_CAPITOLO,YWTTS_DATA_CREAZ,YWTTS_DATA_UPDATE,YWTTS_COD_USER,YWTTS_YWSER_COD_SER_PK) VALUES (160,'5.14','Avviamento in esercizio delle applicazioni software - attivazione di tutti i gruppi coinvolti in ciascun rilascio e loro coordinamento per l’esecuzione delle attività richieste','2.15',{ts '2016-11-30 00:00:00.'},{ts '2016-11-30 00:00:00.'},'Paola Greco',5);
INSERT INTO tb_ywtts_tipotask_ct (YWTTS_COD_TIPOTASK_PK,YWTTS_COD_CODICE,YWTTS_DESCS_DESCRIZIONE,YWTTS_COD_CAPITOLO,YWTTS_DATA_CREAZ,YWTTS_DATA_UPDATE,YWTTS_COD_USER,YWTTS_YWSER_COD_SER_PK) VALUES (161,'5.15','Avviamento in esercizio delle applicazioni software - raccolta di segnalazioni di anomalie legate ai rilasci effettuati con conseguente analisi e risoluzione','2.16',{ts '2016-11-30 00:00:00.'},{ts '2016-11-30 00:00:00.'},'Paola Greco',5);
INSERT INTO tb_ywtts_tipotask_ct (YWTTS_COD_TIPOTASK_PK,YWTTS_COD_CODICE,YWTTS_DESCS_DESCRIZIONE,YWTTS_COD_CAPITOLO,YWTTS_DATA_CREAZ,YWTTS_DATA_UPDATE,YWTTS_COD_USER,YWTTS_YWSER_COD_SER_PK) VALUES (162,'5.16','Avviamento in esercizio delle applicazioni software - gestione di criticità e urgenze di rilascio delle procedure con particolare attenzione all’ambiente di esercizio','2.17',{ts '2016-11-30 00:00:00.'},{ts '2016-11-30 00:00:00.'},'Paola Greco',5);
INSERT INTO tb_ywtts_tipotask_ct (YWTTS_COD_TIPOTASK_PK,YWTTS_COD_CODICE,YWTTS_DESCS_DESCRIZIONE,YWTTS_COD_CAPITOLO,YWTTS_DATA_CREAZ,YWTTS_DATA_UPDATE,YWTTS_COD_USER,YWTTS_YWSER_COD_SER_PK) VALUES (163,'5.17','Avviamento in esercizio delle applicazioni software - verifica della corretta sequenza di rilascio nei diversi ambienti operativi','2.18',{ts '2016-11-30 00:00:00.'},{ts '2016-11-30 00:00:00.'},'Paola Greco',5);
INSERT INTO tb_ywtts_tipotask_ct (YWTTS_COD_TIPOTASK_PK,YWTTS_COD_CODICE,YWTTS_DESCS_DESCRIZIONE,YWTTS_COD_CAPITOLO,YWTTS_DATA_CREAZ,YWTTS_DATA_UPDATE,YWTTS_COD_USER,YWTTS_YWSER_COD_SER_PK) VALUES (164,'5.18','Avviamento in esercizio delle applicazioni software - verifica dei rilasci nei diversi ambienti operativi','2.19',{ts '2016-11-30 00:00:00.'},{ts '2016-11-30 00:00:00.'},'Paola Greco',5);
INSERT INTO tb_ywtts_tipotask_ct (YWTTS_COD_TIPOTASK_PK,YWTTS_COD_CODICE,YWTTS_DESCS_DESCRIZIONE,YWTTS_COD_CAPITOLO,YWTTS_DATA_CREAZ,YWTTS_DATA_UPDATE,YWTTS_COD_USER,YWTTS_YWSER_COD_SER_PK) VALUES (165,'5.19','Avviamento in esercizio delle applicazioni software - supporto al dimensionamento sistemi e capacity planning','2.20',{ts '2016-11-30 00:00:00.'},{ts '2016-11-30 00:00:00.'},'Paola Greco',5);
INSERT INTO tb_ywtts_tipotask_ct (YWTTS_COD_TIPOTASK_PK,YWTTS_COD_CODICE,YWTTS_DESCS_DESCRIZIONE,YWTTS_COD_CAPITOLO,YWTTS_DATA_CREAZ,YWTTS_DATA_UPDATE,YWTTS_COD_USER,YWTTS_YWSER_COD_SER_PK) VALUES (166,'5.20','Avviamento in esercizio delle applicazioni software - analisi delle possibili evoluzioni degli ambienti operativi in termini di potenziamento ed adeguamento tecnologico, al fine di supportare il funzionamento degli applicativi','2.21',{ts '2016-11-30 00:00:00.'},{ts '2016-11-30 00:00:00.'},'Paola Greco',5);
INSERT INTO tb_ywtts_tipotask_ct (YWTTS_COD_TIPOTASK_PK,YWTTS_COD_CODICE,YWTTS_DESCS_DESCRIZIONE,YWTTS_COD_CAPITOLO,YWTTS_DATA_CREAZ,YWTTS_DATA_UPDATE,YWTTS_COD_USER,YWTTS_YWSER_COD_SER_PK) VALUES (167,'5.21','Avviamento in esercizio delle applicazioni software - gestione dei test di performance di sistema (scenari e reportistica)','2.22',{ts '2016-11-30 00:00:00.'},{ts '2016-11-30 00:00:00.'},'Paola Greco',5);
INSERT INTO tb_ywtts_tipotask_ct (YWTTS_COD_TIPOTASK_PK,YWTTS_COD_CODICE,YWTTS_DESCS_DESCRIZIONE,YWTTS_COD_CAPITOLO,YWTTS_DATA_CREAZ,YWTTS_DATA_UPDATE,YWTTS_COD_USER,YWTTS_YWSER_COD_SER_PK) VALUES (168,'5.22','Assistenza per l’utilizzo del software rilasciato - supporto all’organizzazione del lavoro in funzione del nuovo contesto organizzativo/funzionale','2.23',{ts '2016-11-30 00:00:00.'},{ts '2016-11-30 00:00:00.'},'Paola Greco',5);
INSERT INTO tb_ywtts_tipotask_ct (YWTTS_COD_TIPOTASK_PK,YWTTS_COD_CODICE,YWTTS_DESCS_DESCRIZIONE,YWTTS_COD_CAPITOLO,YWTTS_DATA_CREAZ,YWTTS_DATA_UPDATE,YWTTS_COD_USER,YWTTS_YWSER_COD_SER_PK) VALUES (169,'5.23','Assistenza per l’utilizzo del software rilasciato - supporto per la contestualizzazione dell’iter amministrativo rispetto al sistema organizzativo nel suo complesso','2.24',{ts '2016-11-30 00:00:00.'},{ts '2016-11-30 00:00:00.'},'Paola Greco',5);
INSERT INTO tb_ywtts_tipotask_ct (YWTTS_COD_TIPOTASK_PK,YWTTS_COD_CODICE,YWTTS_DESCS_DESCRIZIONE,YWTTS_COD_CAPITOLO,YWTTS_DATA_CREAZ,YWTTS_DATA_UPDATE,YWTTS_COD_USER,YWTTS_YWSER_COD_SER_PK) VALUES (170,'5.24','Assistenza per l’utilizzo del software rilasciato - supporto per l’individuazione delle giuste priorità nelle operazioni da svolgere','2.25',{ts '2016-11-30 00:00:00.'},{ts '2016-11-30 00:00:00.'},'Paola Greco',5);
INSERT INTO tb_ywtts_tipotask_ct (YWTTS_COD_TIPOTASK_PK,YWTTS_COD_CODICE,YWTTS_DESCS_DESCRIZIONE,YWTTS_COD_CAPITOLO,YWTTS_DATA_CREAZ,YWTTS_DATA_UPDATE,YWTTS_COD_USER,YWTTS_YWSER_COD_SER_PK) VALUES (171,'5.25','Assistenza per l’utilizzo del software rilasciato - supporto per la rilevazione di eventuali nuove o diverse esigenze','2.26',{ts '2016-11-30 00:00:00.'},{ts '2016-11-30 00:00:00.'},'Paola Greco',5);
INSERT INTO tb_ywtts_tipotask_ct (YWTTS_COD_TIPOTASK_PK,YWTTS_COD_CODICE,YWTTS_DESCS_DESCRIZIONE,YWTTS_COD_CAPITOLO,YWTTS_DATA_CREAZ,YWTTS_DATA_UPDATE,YWTTS_COD_USER,YWTTS_YWSER_COD_SER_PK) VALUES (172,'5.26','Trasferimento know how a fine fornitura - presentazione esaustiva degli aspetti organizzativi, amministrativi e tecnici della fornitura, dei processi di riferimento, dell’architettura generale del sistema nonché delle architetture di ogni singola area applicativa e/o applicazione','2.27',{ts '2016-11-30 00:00:00.'},{ts '2016-11-30 00:00:00.'},'Paola Greco',5);
INSERT INTO tb_ywtts_tipotask_ct (YWTTS_COD_TIPOTASK_PK,YWTTS_COD_CODICE,YWTTS_DESCS_DESCRIZIONE,YWTTS_COD_CAPITOLO,YWTTS_DATA_CREAZ,YWTTS_DATA_UPDATE,YWTTS_COD_USER,YWTTS_YWSER_COD_SER_PK) VALUES (173,'5.27','Trasferimento know how a fine fornitura - estrazione, verifica e consegna di tutti gli oggetti software al fine di permettere la predisposizione di un ambiente operativo parallelo','2.28',{ts '2016-11-30 00:00:00.'},{ts '2016-11-30 00:00:00.'},'Paola Greco',5);
INSERT INTO tb_ywtts_tipotask_ct (YWTTS_COD_TIPOTASK_PK,YWTTS_COD_CODICE,YWTTS_DESCS_DESCRIZIONE,YWTTS_COD_CAPITOLO,YWTTS_DATA_CREAZ,YWTTS_DATA_UPDATE,YWTTS_COD_USER,YWTTS_YWSER_COD_SER_PK) VALUES (174,'5.28','Trasferimento know how a fine fornitura - estrazione, verifica e consegna di tutti i documenti previsti dal presente contratto','2.29',{ts '2016-11-30 00:00:00.'},{ts '2016-11-30 00:00:00.'},'Paola Greco',5);
INSERT INTO tb_ywtts_tipotask_ct (YWTTS_COD_TIPOTASK_PK,YWTTS_COD_CODICE,YWTTS_DESCS_DESCRIZIONE,YWTTS_COD_CAPITOLO,YWTTS_DATA_CREAZ,YWTTS_DATA_UPDATE,YWTTS_COD_USER,YWTTS_YWSER_COD_SER_PK) VALUES (175,'5.29','Trasferimento know how a fine fornitura - predisposizione di quadri di sintesi architetturali e funzionali di livello superiore al documento di sintesi','2.30',{ts '2016-11-30 00:00:00.'},{ts '2016-11-30 00:00:00.'},'Paola Greco',5);
INSERT INTO tb_ywtts_tipotask_ct (YWTTS_COD_TIPOTASK_PK,YWTTS_COD_CODICE,YWTTS_DESCS_DESCRIZIONE,YWTTS_COD_CAPITOLO,YWTTS_DATA_CREAZ,YWTTS_DATA_UPDATE,YWTTS_COD_USER,YWTTS_YWSER_COD_SER_PK) VALUES (176,'5.30','Trasferimento know how a fine fornitura - predisposizione di questionari e sessioni di domande/risposte per verificare il grado di apprendimento sia sugli ambienti tecnologici, sia funzionali e tecnici','2.31',{ts '2016-11-30 00:00:00.'},{ts '2016-11-30 00:00:00.'},'Paola Greco',5);
INSERT INTO tb_ywtts_tipotask_ct (YWTTS_COD_TIPOTASK_PK,YWTTS_COD_CODICE,YWTTS_DESCS_DESCRIZIONE,YWTTS_COD_CAPITOLO,YWTTS_DATA_CREAZ,YWTTS_DATA_UPDATE,YWTTS_COD_USER,YWTTS_YWSER_COD_SER_PK) VALUES (177,'5.31','Trasferimento know how a fine fornitura - presentazione degli aspetti di criticità di ogni servizio/area applicativa con l’esposizione chiara delle soluzioni proposte ed attuate durante la fornitura','2.32',{ts '2016-11-30 00:00:00.'},{ts '2016-11-30 00:00:00.'},'Paola Greco',5);
INSERT INTO tb_ywtts_tipotask_ct (YWTTS_COD_TIPOTASK_PK,YWTTS_COD_CODICE,YWTTS_DESCS_DESCRIZIONE,YWTTS_COD_CAPITOLO,YWTTS_DATA_CREAZ,YWTTS_DATA_UPDATE,YWTTS_COD_USER,YWTTS_YWSER_COD_SER_PK) VALUES (178,'5.32','Trasferimento know how a fine fornitura - presentazione delle modalità organizzative, degli obiettivi e delle risorse richieste per la predisposizione della test factory del progetto in INPS','2.33',{ts '2016-11-30 00:00:00.'},{ts '2016-11-30 00:00:00.'},'Paola Greco',5);
INSERT INTO tb_ywtts_tipotask_ct (YWTTS_COD_TIPOTASK_PK,YWTTS_COD_CODICE,YWTTS_DESCS_DESCRIZIONE,YWTTS_COD_CAPITOLO,YWTTS_DATA_CREAZ,YWTTS_DATA_UPDATE,YWTTS_COD_USER,YWTTS_YWSER_COD_SER_PK) VALUES (179,'5.33','Supporto al Governo del Patrimonio informativo - Mantenimento, ed al tempo stesso miglioramento del livello di qualità, integrità, completezza ed efficienza del modello dei dati del SIN','2.34',{ts '2016-11-30 00:00:00.'},{ts '2016-11-30 00:00:00.'},'Paola Greco',5);
INSERT INTO tb_ywtts_tipotask_ct (YWTTS_COD_TIPOTASK_PK,YWTTS_COD_CODICE,YWTTS_DESCS_DESCRIZIONE,YWTTS_COD_CAPITOLO,YWTTS_DATA_CREAZ,YWTTS_DATA_UPDATE,YWTTS_COD_USER,YWTTS_YWSER_COD_SER_PK) VALUES (180,'5.34','Supporto al Governo del Patrimonio informativo - Supporto alle attività di completamento della certificazione dei contenuti della Banca Dati, da perseguire anche attraverso la cooperazione con Enti ed Amministrazioni responsabili dell’Informazione e certificatrici del dato, e la definizione dei flussi di ingresso e di uscita finalizzati all’accesso, all’aggiornamento, all’integrazione della Banca Dati stessa.Supporto al Governo del Patrimonio informativo - Governo della predisposizione ed evoluzione delle strutture di banca dati nei diversi ambienti (sviluppo, collaudo, formazione, pre-esercizio, esercizio e manutenzione)','2.35',{ts '2016-11-30 00:00:00.'},{ts '2016-11-30 00:00:00.'},'Paola Greco',5);
INSERT INTO tb_ywtts_tipotask_ct (YWTTS_COD_TIPOTASK_PK,YWTTS_COD_CODICE,YWTTS_DESCS_DESCRIZIONE,YWTTS_COD_CAPITOLO,YWTTS_DATA_CREAZ,YWTTS_DATA_UPDATE,YWTTS_COD_USER,YWTTS_YWSER_COD_SER_PK) VALUES (181,'5.35','Supporto al Governo del Patrimonio informativo - Supporto per la valutazione degli impatti sul SIN a fronte di variazioni della banca dati.Supporto al Governo del Patrimonio informativo - Supporto per la definizione delle politiche della qualità del dato','2.36',{ts '2016-11-30 00:00:00.'},{ts '2016-11-30 00:00:00.'},'Paola Greco',5);
INSERT INTO tb_ywtts_tipotask_ct (YWTTS_COD_TIPOTASK_PK,YWTTS_COD_CODICE,YWTTS_DESCS_DESCRIZIONE,YWTTS_COD_CAPITOLO,YWTTS_DATA_CREAZ,YWTTS_DATA_UPDATE,YWTTS_COD_USER,YWTTS_YWSER_COD_SER_PK) VALUES (182,'5.36','Supporto al Governo del Patrimonio informativo - Supporto ai gruppi applicativi per il governo delle componenti software trasversali e della loro configurazione nei diversi ambienti (collaudo, formazione, pre-esercizio, esercizio, manutenzione)','2.37',{ts '2016-11-30 00:00:00.'},{ts '2016-11-30 00:00:00.'},'Paola Greco',5);
INSERT INTO tb_ywtts_tipotask_ct (YWTTS_COD_TIPOTASK_PK,YWTTS_COD_CODICE,YWTTS_DESCS_DESCRIZIONE,YWTTS_COD_CAPITOLO,YWTTS_DATA_CREAZ,YWTTS_DATA_UPDATE,YWTTS_COD_USER,YWTTS_YWSER_COD_SER_PK) VALUES (183,'5.37','Supporto al Governo del Patrimonio informativo - Supporto per la migrazione del patrimonio informativo dell''istituto su BDN (collaborazione con i gruppi applicativi per la definizione delle specifiche di migrazione e interfaccia con i gruppi tecnici)','2.38',{ts '2016-11-30 00:00:00.'},{ts '2016-11-30 00:00:00.'},'Paola Greco',5);
INSERT INTO tb_ywtts_tipotask_ct (YWTTS_COD_TIPOTASK_PK,YWTTS_COD_CODICE,YWTTS_DESCS_DESCRIZIONE,YWTTS_COD_CAPITOLO,YWTTS_DATA_CREAZ,YWTTS_DATA_UPDATE,YWTTS_COD_USER,YWTTS_YWSER_COD_SER_PK) VALUES (184,'5.38','Supporto al Governo del Patrimonio informativo - Supporto per la definizione e l’attuazione di politiche di bonifica dei dati esistenti','2.39',{ts '2016-11-30 00:00:00.'},{ts '2016-11-30 00:00:00.'},'Paola Greco',5);
INSERT INTO tb_ywtts_tipotask_ct (YWTTS_COD_TIPOTASK_PK,YWTTS_COD_CODICE,YWTTS_DESCS_DESCRIZIONE,YWTTS_COD_CAPITOLO,YWTTS_DATA_CREAZ,YWTTS_DATA_UPDATE,YWTTS_COD_USER,YWTTS_YWSER_COD_SER_PK) VALUES (185,'5.39','Supporto al Governo del Patrimonio informativo - Supporto ai gruppi applicativi per la progettazione integrata degli schemi dati: concettuale e logico e interfaccia verso i gruppi tecnici per la progettazione dello schema fisico','2.40',{ts '2016-11-30 00:00:00.'},{ts '2016-11-30 00:00:00.'},'Paola Greco',5);
INSERT INTO tb_ywtts_tipotask_ct (YWTTS_COD_TIPOTASK_PK,YWTTS_COD_CODICE,YWTTS_DESCS_DESCRIZIONE,YWTTS_COD_CAPITOLO,YWTTS_DATA_CREAZ,YWTTS_DATA_UPDATE,YWTTS_COD_USER,YWTTS_YWSER_COD_SER_PK) VALUES (186,'5.40','Supporto al Governo del Patrimonio informativo - Gestione centralizzata del contenuto informativo delle principali tabelle tipologiche in tutti gli ambienti','2.41',{ts '2016-11-30 00:00:00.'},{ts '2016-11-30 00:00:00.'},'Paola Greco',5);
INSERT INTO tb_ywtts_tipotask_ct (YWTTS_COD_TIPOTASK_PK,YWTTS_COD_CODICE,YWTTS_DESCS_DESCRIZIONE,YWTTS_COD_CAPITOLO,YWTTS_DATA_CREAZ,YWTTS_DATA_UPDATE,YWTTS_COD_USER,YWTTS_YWSER_COD_SER_PK) VALUES (187,'5.41','Supporto al Governo del Patrimonio informativo - Verifica della rispondenza delle applicazioni ai criteri dell''architettura integrata (ad es. IDM, Profili/Ruoli, area riservata/scrivania virtuale)','2.42',{ts '2016-11-30 00:00:00.'},{ts '2016-11-30 00:00:00.'},'Paola Greco',5);
INSERT INTO tb_ywtts_tipotask_ct (YWTTS_COD_TIPOTASK_PK,YWTTS_COD_CODICE,YWTTS_DESCS_DESCRIZIONE,YWTTS_COD_CAPITOLO,YWTTS_DATA_CREAZ,YWTTS_DATA_UPDATE,YWTTS_COD_USER,YWTTS_YWSER_COD_SER_PK) VALUES (188,'5.42','','2.43',{ts '2016-11-30 00:00:00.'},{ts '2016-11-30 00:00:00.'},'Paola Greco',5);

INSERT INTO tb_ywtve_tipovaleco_ct (YWTVE_COD_TIPOVALECO_PK,YWTVE_COD_CODICE,YWTVE_DESC_DESCRIZIONE,YWTVE_DATA_CREAZ,YWTVE_DATA_UPDATE,YWTVE_COD_USER) VALUES (1,'ISTM','Stima iniziale',{ts '2016-12-19 17:12:31.'},{ts '2016-12-19 17:12:31.'},'Paola Greco');

INSERT INTO tb_ywatt_attivita_cl (YWATT_COD_ATTIVITA_PK,YWATT_COD_WBSCOGE,YWATT_COD_INTERVENTO,YWATT_DESCS_AREACONTR,YWATT_DESCS_AREAAPP,YWATT_DESCS_AREAINPS,YWATT_DENOM_AMBAPP,YWATT_COD_DIREZIONE,YWATT_DENOM_LINEAINT,YWATT_DESCS_AMBFUNZ,YWATT_COD_PIANOFORN,YWATT_COD_GECOSSU,YWATT_DESCS_NMSCHEDA,YWATT_DESCR_PROGETTO,YWATT_DENOM_RESPINPS,YWATT_DENOM_REFINPS,YWATT_DESCS_SERVIZIO,YWATT_DENOM_TIPSERV,YWATT_DENOM_CAPPRG,YWATT_DENOM_CAPPRGRIF,YWATT_COD_STATOLAV,YWATT_DATA_APERTSSU,YWATT_DATA_CHIUSSSU,YWATT_DATA_RIPIANWBS,YWATT_NUM_SEMATTIVAZ,YWATT_DATA_CONSRQPIAN,YWATT_DATA_CONSRQEFF,YWATT_DATA_COLLPIAN,YWATT_DATA_COLLEFF,YWATT_DATA_INIZCOLL,YWATT_DATA_FINECOLL,YWATT_DATA_AVVESEEFF,YWATT_COD_TIPOINT,YWATT_NOTE_TECNICHE,YWATT_NOTE_GENERALI,YWATT_DESCR_SCADIST,YWATT_NUM_ID,YWATT_NUM_PRIORITA,YWATT_DESCS_MACROATT,YWATT_DESCS_PRESCOGE,YWATT_DATA_SAL,YWATT_IMP_CONSUNTIVO,YWATT_PERC_FASECONS,YWATT_YWSER_COD_SER_PK,YWATT_YWAVA_COD_AVA_PK,YWATT_DATA_CREAZ,YWATT_DATA_UPDATE,YWATT_COD_USER,YWATT_YWTCN_COD_TIPOCONT_PK) VALUES (1,'05.60.106','URC1.05.60.106',null,null,null,null,null,null,null,null,'URC12_11632_ALM16','URC1.05.60.106 - MOSe Platform 3.3 - Anagrafe debitore MAV - SST',null,null,null,null,null,null,null,null,null,null,null,null,null,null,null,null,null,null,null,null,null,null,null,null,null,null,null,null,null,null,6,null,{ts '2016-11-30 00:00:00.'},{ts '2016-11-30 00:00:00.'},'Paola Greco',2);
INSERT INTO tb_ywatt_attivita_cl (YWATT_COD_ATTIVITA_PK,YWATT_COD_WBSCOGE,YWATT_COD_INTERVENTO,YWATT_DESCS_AREACONTR,YWATT_DESCS_AREAAPP,YWATT_DESCS_AREAINPS,YWATT_DENOM_AMBAPP,YWATT_COD_DIREZIONE,YWATT_DENOM_LINEAINT,YWATT_DESCS_AMBFUNZ,YWATT_COD_PIANOFORN,YWATT_COD_GECOSSU,YWATT_DESCS_NMSCHEDA,YWATT_DESCR_PROGETTO,YWATT_DENOM_RESPINPS,YWATT_DENOM_REFINPS,YWATT_DESCS_SERVIZIO,YWATT_DENOM_TIPSERV,YWATT_DENOM_CAPPRG,YWATT_DENOM_CAPPRGRIF,YWATT_COD_STATOLAV,YWATT_DATA_APERTSSU,YWATT_DATA_CHIUSSSU,YWATT_DATA_RIPIANWBS,YWATT_NUM_SEMATTIVAZ,YWATT_DATA_CONSRQPIAN,YWATT_DATA_CONSRQEFF,YWATT_DATA_COLLPIAN,YWATT_DATA_COLLEFF,YWATT_DATA_INIZCOLL,YWATT_DATA_FINECOLL,YWATT_DATA_AVVESEEFF,YWATT_COD_TIPOINT,YWATT_NOTE_TECNICHE,YWATT_NOTE_GENERALI,YWATT_DESCR_SCADIST,YWATT_NUM_ID,YWATT_NUM_PRIORITA,YWATT_DESCS_MACROATT,YWATT_DESCS_PRESCOGE,YWATT_DATA_SAL,YWATT_IMP_CONSUNTIVO,YWATT_PERC_FASECONS,YWATT_YWSER_COD_SER_PK,YWATT_YWAVA_COD_AVA_PK,YWATT_DATA_CREAZ,YWATT_DATA_UPDATE,YWATT_COD_USER,YWATT_YWTCN_COD_TIPOCONT_PK) VALUES (2,'06.60.120','URC1Q.06.60.120',null,null,null,null,null,null,null,null,'URC22_11311_ALM16','URC1Q.06.60.120 - MOSe Platform 3.3 -  Anagrafe debitore MAV  - GA',null,null,null,null,null,null,null,null,null,null,null,null,null,null,null,null,null,null,null,null,null,null,null,null,null,null,null,null,null,null,5,null,{ts '2016-11-30 00:00:00.'},{ts '2016-11-30 00:00:00.'},'Paola Greco',2);
INSERT INTO tb_ywatt_attivita_cl (YWATT_COD_ATTIVITA_PK,YWATT_COD_WBSCOGE,YWATT_COD_INTERVENTO,YWATT_DESCS_AREACONTR,YWATT_DESCS_AREAAPP,YWATT_DESCS_AREAINPS,YWATT_DENOM_AMBAPP,YWATT_COD_DIREZIONE,YWATT_DENOM_LINEAINT,YWATT_DESCS_AMBFUNZ,YWATT_COD_PIANOFORN,YWATT_COD_GECOSSU,YWATT_DESCS_NMSCHEDA,YWATT_DESCR_PROGETTO,YWATT_DENOM_RESPINPS,YWATT_DENOM_REFINPS,YWATT_DESCS_SERVIZIO,YWATT_DENOM_TIPSERV,YWATT_DENOM_CAPPRG,YWATT_DENOM_CAPPRGRIF,YWATT_COD_STATOLAV,YWATT_DATA_APERTSSU,YWATT_DATA_CHIUSSSU,YWATT_DATA_RIPIANWBS,YWATT_NUM_SEMATTIVAZ,YWATT_DATA_CONSRQPIAN,YWATT_DATA_CONSRQEFF,YWATT_DATA_COLLPIAN,YWATT_DATA_COLLEFF,YWATT_DATA_INIZCOLL,YWATT_DATA_FINECOLL,YWATT_DATA_AVVESEEFF,YWATT_COD_TIPOINT,YWATT_NOTE_TECNICHE,YWATT_NOTE_GENERALI,YWATT_DESCR_SCADIST,YWATT_NUM_ID,YWATT_NUM_PRIORITA,YWATT_DESCS_MACROATT,YWATT_DESCS_PRESCOGE,YWATT_DATA_SAL,YWATT_IMP_CONSUNTIVO,YWATT_PERC_FASECONS,YWATT_YWSER_COD_SER_PK,YWATT_YWAVA_COD_AVA_PK,YWATT_DATA_CREAZ,YWATT_DATA_UPDATE,YWATT_COD_USER,YWATT_YWTCN_COD_TIPOCONT_PK) VALUES (3,'06.60.133','URC1Q.06.60.133',null,null,null,null,null,null,null,null,'URC22_11346_ALM16','URC1Q.06.60.133 - MOSe - Conduzione funzionale e assistenza applicativa - GA  - III TRIM',null,null,null,null,null,null,null,null,null,null,null,null,null,null,null,null,null,null,null,null,null,null,null,null,null,null,null,null,null,null,5,null,{ts '2016-11-30 00:00:00.'},{ts '2016-11-30 00:00:00.'},'Paola Greco',2);
INSERT INTO tb_ywatt_attivita_cl (YWATT_COD_ATTIVITA_PK,YWATT_COD_WBSCOGE,YWATT_COD_INTERVENTO,YWATT_DESCS_AREACONTR,YWATT_DESCS_AREAAPP,YWATT_DESCS_AREAINPS,YWATT_DENOM_AMBAPP,YWATT_COD_DIREZIONE,YWATT_DENOM_LINEAINT,YWATT_DESCS_AMBFUNZ,YWATT_COD_PIANOFORN,YWATT_COD_GECOSSU,YWATT_DESCS_NMSCHEDA,YWATT_DESCR_PROGETTO,YWATT_DENOM_RESPINPS,YWATT_DENOM_REFINPS,YWATT_DESCS_SERVIZIO,YWATT_DENOM_TIPSERV,YWATT_DENOM_CAPPRG,YWATT_DENOM_CAPPRGRIF,YWATT_COD_STATOLAV,YWATT_DATA_APERTSSU,YWATT_DATA_CHIUSSSU,YWATT_DATA_RIPIANWBS,YWATT_NUM_SEMATTIVAZ,YWATT_DATA_CONSRQPIAN,YWATT_DATA_CONSRQEFF,YWATT_DATA_COLLPIAN,YWATT_DATA_COLLEFF,YWATT_DATA_INIZCOLL,YWATT_DATA_FINECOLL,YWATT_DATA_AVVESEEFF,YWATT_COD_TIPOINT,YWATT_NOTE_TECNICHE,YWATT_NOTE_GENERALI,YWATT_DESCR_SCADIST,YWATT_NUM_ID,YWATT_NUM_PRIORITA,YWATT_DESCS_MACROATT,YWATT_DESCS_PRESCOGE,YWATT_DATA_SAL,YWATT_IMP_CONSUNTIVO,YWATT_PERC_FASECONS,YWATT_YWSER_COD_SER_PK,YWATT_YWAVA_COD_AVA_PK,YWATT_DATA_CREAZ,YWATT_DATA_UPDATE,YWATT_COD_USER,YWATT_YWTCN_COD_TIPOCONT_PK) VALUES (4,'06.60.152','URC1P.06.60.152',null,null,null,null,null,null,null,null,'URC32_10013_ALM16','URC1P.06.60.152 - NoE - Conduzione funzionale e assistenza applicativa - GA',null,null,null,null,null,null,null,null,null,null,null,null,null,null,null,null,null,null,null,null,null,null,null,null,null,null,null,null,null,null,5,null,{ts '2016-11-30 00:00:00.'},{ts '2016-11-30 00:00:00.'},'Paola Greco',2);
INSERT INTO tb_ywatt_attivita_cl (YWATT_COD_ATTIVITA_PK,YWATT_COD_WBSCOGE,YWATT_COD_INTERVENTO,YWATT_DESCS_AREACONTR,YWATT_DESCS_AREAAPP,YWATT_DESCS_AREAINPS,YWATT_DENOM_AMBAPP,YWATT_COD_DIREZIONE,YWATT_DENOM_LINEAINT,YWATT_DESCS_AMBFUNZ,YWATT_COD_PIANOFORN,YWATT_COD_GECOSSU,YWATT_DESCS_NMSCHEDA,YWATT_DESCR_PROGETTO,YWATT_DENOM_RESPINPS,YWATT_DENOM_REFINPS,YWATT_DESCS_SERVIZIO,YWATT_DENOM_TIPSERV,YWATT_DENOM_CAPPRG,YWATT_DENOM_CAPPRGRIF,YWATT_COD_STATOLAV,YWATT_DATA_APERTSSU,YWATT_DATA_CHIUSSSU,YWATT_DATA_RIPIANWBS,YWATT_NUM_SEMATTIVAZ,YWATT_DATA_CONSRQPIAN,YWATT_DATA_CONSRQEFF,YWATT_DATA_COLLPIAN,YWATT_DATA_COLLEFF,YWATT_DATA_INIZCOLL,YWATT_DATA_FINECOLL,YWATT_DATA_AVVESEEFF,YWATT_COD_TIPOINT,YWATT_NOTE_TECNICHE,YWATT_NOTE_GENERALI,YWATT_DESCR_SCADIST,YWATT_NUM_ID,YWATT_NUM_PRIORITA,YWATT_DESCS_MACROATT,YWATT_DESCS_PRESCOGE,YWATT_DATA_SAL,YWATT_IMP_CONSUNTIVO,YWATT_PERC_FASECONS,YWATT_YWSER_COD_SER_PK,YWATT_YWAVA_COD_AVA_PK,YWATT_DATA_CREAZ,YWATT_DATA_UPDATE,YWATT_COD_USER,YWATT_YWTCN_COD_TIPOCONT_PK) VALUES (5,'05.60.118','URC1P.05.60.118',null,null,null,null,null,null,null,null,'URC32_10011_ALM16','URC1P.05.60.118 - MOSe Platform 3.4 - Nuovo sistema documentale  - SST',null,null,null,null,null,null,null,null,null,null,null,null,null,null,null,null,null,null,null,null,null,null,null,null,null,null,null,null,null,null,6,null,{ts '2016-11-30 00:00:00.'},{ts '2016-11-30 00:00:00.'},'Paola Greco',2);
INSERT INTO tb_ywatt_attivita_cl (YWATT_COD_ATTIVITA_PK,YWATT_COD_WBSCOGE,YWATT_COD_INTERVENTO,YWATT_DESCS_AREACONTR,YWATT_DESCS_AREAAPP,YWATT_DESCS_AREAINPS,YWATT_DENOM_AMBAPP,YWATT_COD_DIREZIONE,YWATT_DENOM_LINEAINT,YWATT_DESCS_AMBFUNZ,YWATT_COD_PIANOFORN,YWATT_COD_GECOSSU,YWATT_DESCS_NMSCHEDA,YWATT_DESCR_PROGETTO,YWATT_DENOM_RESPINPS,YWATT_DENOM_REFINPS,YWATT_DESCS_SERVIZIO,YWATT_DENOM_TIPSERV,YWATT_DENOM_CAPPRG,YWATT_DENOM_CAPPRGRIF,YWATT_COD_STATOLAV,YWATT_DATA_APERTSSU,YWATT_DATA_CHIUSSSU,YWATT_DATA_RIPIANWBS,YWATT_NUM_SEMATTIVAZ,YWATT_DATA_CONSRQPIAN,YWATT_DATA_CONSRQEFF,YWATT_DATA_COLLPIAN,YWATT_DATA_COLLEFF,YWATT_DATA_INIZCOLL,YWATT_DATA_FINECOLL,YWATT_DATA_AVVESEEFF,YWATT_COD_TIPOINT,YWATT_NOTE_TECNICHE,YWATT_NOTE_GENERALI,YWATT_DESCR_SCADIST,YWATT_NUM_ID,YWATT_NUM_PRIORITA,YWATT_DESCS_MACROATT,YWATT_DESCS_PRESCOGE,YWATT_DATA_SAL,YWATT_IMP_CONSUNTIVO,YWATT_PERC_FASECONS,YWATT_YWSER_COD_SER_PK,YWATT_YWAVA_COD_AVA_PK,YWATT_DATA_CREAZ,YWATT_DATA_UPDATE,YWATT_COD_USER,YWATT_YWTCN_COD_TIPOCONT_PK) VALUES (6,'06.60.134','URC1P.06.60.134',null,null,null,null,null,null,null,null,'URC32_10012_ALM16','URC1P.06.60.134 - MOSe Platform 3.4 -  Nuovo sistema documentale  - GA',null,null,null,null,null,null,null,null,null,null,null,null,null,null,null,null,null,null,null,null,null,null,null,null,null,null,null,null,null,null,5,null,{ts '2016-11-30 00:00:00.'},{ts '2016-11-30 00:00:00.'},'Paola Greco',2);
INSERT INTO tb_ywatt_attivita_cl (YWATT_COD_ATTIVITA_PK,YWATT_COD_WBSCOGE,YWATT_COD_INTERVENTO,YWATT_DESCS_AREACONTR,YWATT_DESCS_AREAAPP,YWATT_DESCS_AREAINPS,YWATT_DENOM_AMBAPP,YWATT_COD_DIREZIONE,YWATT_DENOM_LINEAINT,YWATT_DESCS_AMBFUNZ,YWATT_COD_PIANOFORN,YWATT_COD_GECOSSU,YWATT_DESCS_NMSCHEDA,YWATT_DESCR_PROGETTO,YWATT_DENOM_RESPINPS,YWATT_DENOM_REFINPS,YWATT_DESCS_SERVIZIO,YWATT_DENOM_TIPSERV,YWATT_DENOM_CAPPRG,YWATT_DENOM_CAPPRGRIF,YWATT_COD_STATOLAV,YWATT_DATA_APERTSSU,YWATT_DATA_CHIUSSSU,YWATT_DATA_RIPIANWBS,YWATT_NUM_SEMATTIVAZ,YWATT_DATA_CONSRQPIAN,YWATT_DATA_CONSRQEFF,YWATT_DATA_COLLPIAN,YWATT_DATA_COLLEFF,YWATT_DATA_INIZCOLL,YWATT_DATA_FINECOLL,YWATT_DATA_AVVESEEFF,YWATT_COD_TIPOINT,YWATT_NOTE_TECNICHE,YWATT_NOTE_GENERALI,YWATT_DESCR_SCADIST,YWATT_NUM_ID,YWATT_NUM_PRIORITA,YWATT_DESCS_MACROATT,YWATT_DESCS_PRESCOGE,YWATT_DATA_SAL,YWATT_IMP_CONSUNTIVO,YWATT_PERC_FASECONS,YWATT_YWSER_COD_SER_PK,YWATT_YWAVA_COD_AVA_PK,YWATT_DATA_CREAZ,YWATT_DATA_UPDATE,YWATT_COD_USER,YWATT_YWTCN_COD_TIPOCONT_PK) VALUES (7,'06.60.147','URC1P.06.60.147',null,null,null,null,null,null,null,null,'URC32_10016_ALM16','URC1P.06.60.147 - MOSe - Conduzione funzionale e assistenza applicativa - GA - IV TRIM',null,null,null,null,null,null,null,null,null,null,null,null,null,null,null,null,null,null,null,null,null,null,null,null,null,null,null,null,null,null,5,null,{ts '2016-11-30 00:00:00.'},{ts '2016-11-30 00:00:00.'},'Paola Greco',2);

INSERT INTO tb_ywtsk_task_cl (YWTSK_COD_TASK_PK,YWTSK_NOTE_NOTA,YWTSK_YWTTS_COD_TIPOTASK_PK,YWTSK_YWATT_COD_ATTIVITA_PK,YWTSK_NUM_EFFORT,YWTSK_DATA_CREAZ,YWTSK_DATA_UPDATE,YWTSK_COD_USER) VALUES (29,'Si è provveduto alla revisione degli script di attivazione dei batch del servizio preso in carico, in tal senso si sono riscritti completamente i sorgenti al fine di adeguarne le funzionalità al WAS 7.\n\n\n[Effort: 5GG]',134,1,null,{ts '2016-07-05 17:12:31.'},{ts '2016-12-15 14:11:22.'},'ELFWeb');
INSERT INTO tb_ywtsk_task_cl (YWTSK_COD_TASK_PK,YWTSK_NOTE_NOTA,YWTSK_YWTTS_COD_TIPOTASK_PK,YWTSK_YWATT_COD_ATTIVITA_PK,YWTSK_NUM_EFFORT,YWTSK_DATA_CREAZ,YWTSK_DATA_UPDATE,YWTSK_COD_USER) VALUES (30,'sulla base delle segnalazioni ricevute, in merito all''emissione in corso da parte di MI, si sono analizzate le cause relative al mancato aggiornamento dei dati anagrafici dell''indirizzo di un utente mutuatario',148,7,null,{ts '2016-12-09 17:21:28.'},{ts '2016-12-09 17:21:28.'},'ELFWeb');
INSERT INTO tb_ywtsk_task_cl (YWTSK_COD_TASK_PK,YWTSK_NOTE_NOTA,YWTSK_YWTTS_COD_TIPOTASK_PK,YWTSK_YWATT_COD_ATTIVITA_PK,YWTSK_NUM_EFFORT,YWTSK_DATA_CREAZ,YWTSK_DATA_UPDATE,YWTSK_COD_USER) VALUES (31,'sulla base delle segnalazioni ricevute, in merito all''emissione in corso da parte di MI, si sono analizzate le cause relative al mancato aggiornamento dei dati anagrafici dell''indirizzo di un utente mutuatario',148,7,null,{ts '2016-12-09 17:22:42.'},{ts '2016-12-12 13:22:07.'},'ELFWeb');
INSERT INTO tb_ywtsk_task_cl (YWTSK_COD_TASK_PK,YWTSK_NOTE_NOTA,YWTSK_YWTTS_COD_TIPOTASK_PK,YWTSK_YWATT_COD_ATTIVITA_PK,YWTSK_NUM_EFFORT,YWTSK_DATA_CREAZ,YWTSK_DATA_UPDATE,YWTSK_COD_USER) VALUES (32,'sulla base delle segnalazioni ricevute, in merito all''emissione in corso da parte di MI, si sono analizzate le cause relative al mancato aggiornamento dei dati anagrafici dell''indirizzo di un utente mutuatario',148,7,null,{ts '2016-12-09 17:24:07.'},{ts '2016-12-20 12:45:17.'},'ELFWeb');
INSERT INTO tb_ywtsk_task_cl (YWTSK_COD_TASK_PK,YWTSK_NOTE_NOTA,YWTSK_YWTTS_COD_TIPOTASK_PK,YWTSK_YWATT_COD_ATTIVITA_PK,YWTSK_NUM_EFFORT,YWTSK_DATA_CREAZ,YWTSK_DATA_UPDATE,YWTSK_COD_USER) VALUES (33,'verifica dei log applicativi',147,7,null,{ts '2016-12-09 17:28:09.'},{ts '2016-12-12 13:20:05.'},'ELFWeb');
INSERT INTO tb_ywtsk_task_cl (YWTSK_COD_TASK_PK,YWTSK_NOTE_NOTA,YWTSK_YWTTS_COD_TIPOTASK_PK,YWTSK_YWATT_COD_ATTIVITA_PK,YWTSK_NUM_EFFORT,YWTSK_DATA_CREAZ,YWTSK_DATA_UPDATE,YWTSK_COD_USER) VALUES (43,'Durante la fase di presa in carico del software di HP si sono svolte, congiuntamente agli operatori di MI, attività di analisi dell''intero processo di aggiornamento del dato proveniente da Anagrafe SIN al fine di comprendere a pieno le modalità di aggiornamento dei dati.\n\n[effort: 4 GG]',144,1,null,{ts '2016-07-26 13:39:36.'},{ts '2016-12-15 14:10:46.'},'ELFWeb');
INSERT INTO tb_ywtsk_task_cl (YWTSK_COD_TASK_PK,YWTSK_NOTE_NOTA,YWTSK_YWTTS_COD_TIPOTASK_PK,YWTSK_YWATT_COD_ATTIVITA_PK,YWTSK_NUM_EFFORT,YWTSK_DATA_CREAZ,YWTSK_DATA_UPDATE,YWTSK_COD_USER) VALUES (44,'Si sono realizzati i template per l''implementazione su console di MOSe di un monitor che permetta la visualizzazione e il controllo delle notifiche provenienti da Anagrafe.\n\n\n[effort: 5 GG]',139,1,null,{ts '2016-07-19 14:04:03.'},{ts '2016-12-20 12:48:21.'},'ELFWeb');
INSERT INTO tb_ywtsk_task_cl (YWTSK_COD_TASK_PK,YWTSK_NOTE_NOTA,YWTSK_YWTTS_COD_TIPOTASK_PK,YWTSK_YWATT_COD_ATTIVITA_PK,YWTSK_NUM_EFFORT,YWTSK_DATA_CREAZ,YWTSK_DATA_UPDATE,YWTSK_COD_USER) VALUES (45,'durante la fase di presa in carico del software di HP si sono svolte più sessioni di test volte a comprendere le motivazioni del mancato caricamento della base dati del "Debitore MAV" al fine di riprodurre gli errori registrati in ambiente di esercizio e di applicare le dovute correttive.\n\n[Effort: 10GG]',147,2,null,{ts '2016-07-01 14:14:01.'},{ts '2016-12-15 14:19:17.'},'ELFWeb');
INSERT INTO tb_ywtsk_task_cl (YWTSK_COD_TASK_PK,YWTSK_NOTE_NOTA,YWTSK_YWTTS_COD_TIPOTASK_PK,YWTSK_YWATT_COD_ATTIVITA_PK,YWTSK_NUM_EFFORT,YWTSK_DATA_CREAZ,YWTSK_DATA_UPDATE,YWTSK_COD_USER) VALUES (46,'in merito alla documentazione fornita dal referente di istituto si è provveduto a:\n\n- prelevare il software dai repository CVS e configurarlo sulle macchine.\n- tramite un processo di reverse engineering si sono compresi e definiti i flussi operativi del software preso in carico, in quanto la documentazione fornita rappresentava un stadio di lavorazione e non la fotografia dell''AS-IS rilasciato in ambiente di Esercizio.\n- si è provveduto quindi ad un''attività di miglioramento e ottimizzazione del software preso in carico\n- si sono eseguite attività di test integrato e di non regressione.\n\nAl fine di garantire la corretta distribuzione del know-how acquisito le attività descritte sono state eseguite da tre persone.\n\n[Effort: 35]\n',156,2,null,{ts '2016-06-09 14:19:34.'},{ts '2016-12-15 14:27:29.'},'ELFWeb');
INSERT INTO tb_ywtsk_task_cl (YWTSK_COD_TASK_PK,YWTSK_NOTE_NOTA,YWTSK_YWTTS_COD_TIPOTASK_PK,YWTSK_YWATT_COD_ATTIVITA_PK,YWTSK_NUM_EFFORT,YWTSK_DATA_CREAZ,YWTSK_DATA_UPDATE,YWTSK_COD_USER) VALUES (47,'durante la fase di realizzazione del software e di verifica di quanto realizzato si è provveduto ad analizzare precise precedenti segnalazioni provenienti da MI in merito al mancato aggiornamento sulle basi dati del debitore.\n\n[Effort: 5GG]\n\n',148,2,null,{ts '2016-07-13 14:31:54.'},{ts '2016-12-15 14:35:25.'},'ELFWeb');
INSERT INTO tb_ywtsk_task_cl (YWTSK_COD_TASK_PK,YWTSK_NOTE_NOTA,YWTSK_YWTTS_COD_TIPOTASK_PK,YWTSK_YWATT_COD_ATTIVITA_PK,YWTSK_NUM_EFFORT,YWTSK_DATA_CREAZ,YWTSK_DATA_UPDATE,YWTSK_COD_USER) VALUES (48,'\n\n[Effort: 11]',134,1,null,{ts '2016-12-15 15:30:28.'},{ts '2016-12-15 15:31:12.'},'ELFWeb');
INSERT INTO tb_ywtsk_task_cl (YWTSK_COD_TASK_PK,YWTSK_NOTE_NOTA,YWTSK_YWTTS_COD_TIPOTASK_PK,YWTSK_YWATT_COD_ATTIVITA_PK,YWTSK_NUM_EFFORT,YWTSK_DATA_CREAZ,YWTSK_DATA_UPDATE,YWTSK_COD_USER) VALUES (49,'durante la fase di lavorazione dei batch si è provveduto al progressivo rilascio dell''applicazione sui vari ambienti sia per quanto riguarda i rilasci degli script che i singoli componenti software e di configurazione.\n\n[Effort: 5GG]',164,2,null,{ts '2016-07-28 15:34:32.'},{ts '2016-12-15 15:36:48.'},'ELFWeb');
INSERT INTO tb_ywtsk_task_cl (YWTSK_COD_TASK_PK,YWTSK_NOTE_NOTA,YWTSK_YWTTS_COD_TIPOTASK_PK,YWTSK_YWATT_COD_ATTIVITA_PK,YWTSK_NUM_EFFORT,YWTSK_DATA_CREAZ,YWTSK_DATA_UPDATE,YWTSK_COD_USER) VALUES (50,'YYYYYYYYYYYYYYYYYYYYYYYYYY OOOOOOOOOOOOOOOOO',150,4,null,{ts '2016-12-05 18:54:51.'},{ts '2016-12-19 18:56:32.'},'ELFWeb');
INSERT INTO tb_ywtsk_task_cl (YWTSK_COD_TASK_PK,YWTSK_NOTE_NOTA,YWTSK_YWTTS_COD_TIPOTASK_PK,YWTSK_YWATT_COD_ATTIVITA_PK,YWTSK_NUM_EFFORT,YWTSK_DATA_CREAZ,YWTSK_DATA_UPDATE,YWTSK_COD_USER) VALUES (51,'fdfdf',150,6,8,{ts '2016-12-20 12:55:51.'},{ts '2016-12-20 12:57:45.'},'ELFWeb');
INSERT INTO tb_ywtsk_task_cl (YWTSK_COD_TASK_PK,YWTSK_NOTE_NOTA,YWTSK_YWTTS_COD_TIPOTASK_PK,YWTSK_YWATT_COD_ATTIVITA_PK,YWTSK_NUM_EFFORT,YWTSK_DATA_CREAZ,YWTSK_DATA_UPDATE,YWTSK_COD_USER) VALUES (52,'fffff',135,5,1,{ts '2016-12-20 12:57:56.'},{ts '2016-12-20 12:58:22.'},'ELFWeb');
INSERT INTO tb_ywtsk_task_cl (YWTSK_COD_TASK_PK,YWTSK_NOTE_NOTA,YWTSK_YWTTS_COD_TIPOTASK_PK,YWTSK_YWATT_COD_ATTIVITA_PK,YWTSK_NUM_EFFORT,YWTSK_DATA_CREAZ,YWTSK_DATA_UPDATE,YWTSK_COD_USER) VALUES (53,'iyiui',151,3,3,{ts '2016-12-21 11:28:28.'},{ts '2016-12-21 11:51:47.'},'ELFWeb');
INSERT INTO tb_ywtsk_task_cl (YWTSK_COD_TASK_PK,YWTSK_NOTE_NOTA,YWTSK_YWTTS_COD_TIPOTASK_PK,YWTSK_YWATT_COD_ATTIVITA_PK,YWTSK_NUM_EFFORT,YWTSK_DATA_CREAZ,YWTSK_DATA_UPDATE,YWTSK_COD_USER) VALUES (54,'test',131,1,3,{ts '2016-12-21 16:23:30.'},{ts '2016-12-21 16:29:08.'},'ELFWeb');
INSERT INTO tb_ywtsk_task_cl (YWTSK_COD_TASK_PK,YWTSK_NOTE_NOTA,YWTSK_YWTTS_COD_TIPOTASK_PK,YWTSK_YWATT_COD_ATTIVITA_PK,YWTSK_NUM_EFFORT,YWTSK_DATA_CREAZ,YWTSK_DATA_UPDATE,YWTSK_COD_USER) VALUES (55,'sdsdf',147,3,3,{ts '2016-12-21 17:27:54.'},{ts '2016-12-21 17:28:48.'},'ELFWeb');

INSERT INTO tb_ywvec_valeco_cl (YWVEC_COD_VALECO_PK,YWVEC_NUM_FTE,YWVEC_NUM_FPE,YWVEC_NUM_FPADD,YWVEC_NUM_FPCHG,YWVEC_NUM_FPDEL,YWVEC_YWATT_COD_ATTIVITA_PK,YWVEC_YWTVE_COD_TIPOVALECO_PK,YWVEC_DATA_CREAZ,YWVEC_DATA_UPDATE,YWVEC_COD_USER) VALUES (1,10,null,null,null,null,1,1,{ts '2016-12-19 17:12:31.'},{ts '2016-12-19 17:12:31.'},'Paola Greco');
INSERT INTO tb_ywvec_valeco_cl (YWVEC_COD_VALECO_PK,YWVEC_NUM_FTE,YWVEC_NUM_FPE,YWVEC_NUM_FPADD,YWVEC_NUM_FPCHG,YWVEC_NUM_FPDEL,YWVEC_YWATT_COD_ATTIVITA_PK,YWVEC_YWTVE_COD_TIPOVALECO_PK,YWVEC_DATA_CREAZ,YWVEC_DATA_UPDATE,YWVEC_COD_USER) VALUES (2,10,null,null,null,null,2,1,{ts '2016-12-19 17:12:31.'},{ts '2016-12-19 17:12:31.'},'Paola Greco');
INSERT INTO tb_ywvec_valeco_cl (YWVEC_COD_VALECO_PK,YWVEC_NUM_FTE,YWVEC_NUM_FPE,YWVEC_NUM_FPADD,YWVEC_NUM_FPCHG,YWVEC_NUM_FPDEL,YWVEC_YWATT_COD_ATTIVITA_PK,YWVEC_YWTVE_COD_TIPOVALECO_PK,YWVEC_DATA_CREAZ,YWVEC_DATA_UPDATE,YWVEC_COD_USER) VALUES (3,10,null,null,null,null,3,1,{ts '2016-12-19 17:12:31.'},{ts '2016-12-19 17:12:31.'},'Paola Greco');
INSERT INTO tb_ywvec_valeco_cl (YWVEC_COD_VALECO_PK,YWVEC_NUM_FTE,YWVEC_NUM_FPE,YWVEC_NUM_FPADD,YWVEC_NUM_FPCHG,YWVEC_NUM_FPDEL,YWVEC_YWATT_COD_ATTIVITA_PK,YWVEC_YWTVE_COD_TIPOVALECO_PK,YWVEC_DATA_CREAZ,YWVEC_DATA_UPDATE,YWVEC_COD_USER) VALUES (4,10,null,null,null,null,4,1,{ts '2016-12-19 17:12:31.'},{ts '2016-12-19 17:12:31.'},'Paola Greco');
INSERT INTO tb_ywvec_valeco_cl (YWVEC_COD_VALECO_PK,YWVEC_NUM_FTE,YWVEC_NUM_FPE,YWVEC_NUM_FPADD,YWVEC_NUM_FPCHG,YWVEC_NUM_FPDEL,YWVEC_YWATT_COD_ATTIVITA_PK,YWVEC_YWTVE_COD_TIPOVALECO_PK,YWVEC_DATA_CREAZ,YWVEC_DATA_UPDATE,YWVEC_COD_USER) VALUES (5,10,null,null,null,null,5,1,{ts '2016-12-19 17:12:31.'},{ts '2016-12-19 17:12:31.'},'Paola Greco');
INSERT INTO tb_ywvec_valeco_cl (YWVEC_COD_VALECO_PK,YWVEC_NUM_FTE,YWVEC_NUM_FPE,YWVEC_NUM_FPADD,YWVEC_NUM_FPCHG,YWVEC_NUM_FPDEL,YWVEC_YWATT_COD_ATTIVITA_PK,YWVEC_YWTVE_COD_TIPOVALECO_PK,YWVEC_DATA_CREAZ,YWVEC_DATA_UPDATE,YWVEC_COD_USER) VALUES (6,10,null,null,null,null,6,1,{ts '2016-12-19 17:12:31.'},{ts '2016-12-19 17:12:31.'},'Paola Greco');
INSERT INTO tb_ywvec_valeco_cl (YWVEC_COD_VALECO_PK,YWVEC_NUM_FTE,YWVEC_NUM_FPE,YWVEC_NUM_FPADD,YWVEC_NUM_FPCHG,YWVEC_NUM_FPDEL,YWVEC_YWATT_COD_ATTIVITA_PK,YWVEC_YWTVE_COD_TIPOVALECO_PK,YWVEC_DATA_CREAZ,YWVEC_DATA_UPDATE,YWVEC_COD_USER) VALUES (7,10,null,null,null,null,7,1,{ts '2016-12-19 17:12:31.'},{ts '2016-12-19 17:12:31.'},'Paola Greco');
INSERT INTO tb_ywvec_valeco_cl (YWVEC_COD_VALECO_PK,YWVEC_NUM_FTE,YWVEC_NUM_FPE,YWVEC_NUM_FPADD,YWVEC_NUM_FPCHG,YWVEC_NUM_FPDEL,YWVEC_YWATT_COD_ATTIVITA_PK,YWVEC_YWTVE_COD_TIPOVALECO_PK,YWVEC_DATA_CREAZ,YWVEC_DATA_UPDATE,YWVEC_COD_USER) VALUES (8,null,'8',null,null,null,1,1,{ts '2016-12-19 17:12:31.'},{ts '2016-12-19 17:12:31.'},'Paola');
